player,fantasyTeam
MekO,Bobble
Gido,Bobble
Poko,Bobble
eqo,Bobble
Sado,Bobble
babybay,Bobble
HaGoPeun,Bobble
TviQ,Bobble
Void,Bobble
Bunny,Bobble
alemao,Bobble
JECSE,Bobble
SHAZ,Jyeran
UNKOE,Jyeran
NENNE,Jyeran
BEBE,Jyeran
SUREFOUR,Jyeran
FURY,Jyeran
TWILIGHT,Jyeran
JINMU,Jyeran
FLETA,Jyeran
SLEEPY,Jyeran
ELSA,Jyeran
NOTE,Jyeran
SoOn,Not another
JJANU,Not another
Bazzi,Not another
AimGod,Not another
Fissure,Not another
Axxiom,Not another
HyP,Not another
Michelle,Not another
ivy,Not another
Stellar,Not another
shu,Not another
Haksal,Not another
JJONAK,Dragonbeard
Profit,Dragonbeard
ryujehong,Dragonbeard
Libero,Dragonbeard
Hydration,Dragonbeard
sinatraa,Dragonbeard
BUMPER,Dragonbeard
Daco,Dragonbeard
rOar,Dragonbeard
GODSB,Dragonbeard
KYO,Dragonbeard
GESTURE,Dragonbeard
Boombox,Cougum
carpe,Cougum
SPACE,Cougum
Mano,Cougum
Fate,Cougum
Ria,Cougum
Aid,Cougum
IZaYaKI,Cougum
dafran,Cougum
HAPPY,Cougum
BLASE,Cougum
NEKO,Cougum
Rawkus,PopeRonPaul
LiNkzr,PopeRonPaul
Muma,PopeRonPaul
Jake,PopeRonPaul
Boink,PopeRonPaul
SPREE,PopeRonPaul
Bani,PopeRonPaul
Danteh,PopeRonPaul
ArHaN,PopeRonPaul
coolmatt,PopeRonPaul
Yakpung,PopeRonPaul
Choihyobin,PopeRonPaul
aKm,Overdrive
Gamsu,Overdrive
Taimou,Overdrive
Anamo,Overdrive
Diya,Overdrive
Custa,Overdrive
Rascal,Overdrive
HOTBA,Overdrive
Closer,Overdrive
xepheR,Overdrive
moth,Overdrive
ZachaREEE,Overdrive
Bdosin,MattyIce
neptuNo,MattyIce
KARIV,MattyIce
ENVY,MattyIce
BigG00se,MattyIce
Munchkin,MattyIce
Janus,MattyIce
AGILITIES,MattyIce
NUS,MattyIce
LATEYOUNG,MattyIce
SEOMINSOO,MattyIce
POKPO,MattyIce